max_depth,accuracy
3,0.76
4,0.7533333333333333
5,0.7866666666666666
6,0.7466666666666667
7,0.72