max_depth,accuracy
3,0.7866666666666666
4,0.76
5,0.7333333333333333
6,0.72